row_id,prediction
UCl-VnCUwSxDr5zPu-YlDUYw_2026-09-01,0.5641210374639769
UCnkytUgy0CtWd06up9CjNxg_2026-09-01,0.032420749279538905
UCpI-AhCT02iQRGLC2ZcY0Jw_2026-09-01,0.17795389048991356
UC9otskL_kd-0CDib_5Lj-mQ_2026-09-01,0.45821325648414984
UCSzHok6X5qXEO7cjvVnE62g_2026-09-01,0.2017291066282421
UCWU2V62eLE3oQ7AjIGS2STQ_2026-09-01,0.7492795389048992
UCSfhr4gDPFsKuwdmTOWp2jw_2026-09-01,0.9279538904899136
UCnhGcri8x6xhehanhAe9ipw_2026-09-01,0.19236311239193082
UCoH2pCzAr6zWDG-LtUiLWRw_2026-09-01,0.2968299711815562
UCUt2AEhC-OOC2EPCzj4DkCw_2026-09-01,0.5994236311239193
UCrfB1-zWijAYkgfZW7Ehc8Q_2026-09-01,0.05259365994236311
UCBTsPtRCh6ln3IRQFjhjh1A_2026-09-01,0.015129682997118156
UCUbOogiD-4PKDqaJfSOTC0g_2026-09-01,0.09438040345821325
UCnCH3Uhv_ynhTNKEH6ekRtg_2026-09-01,0.49855907780979825
UCqIwPYLfMd3EoWYwvyTjPnA_2026-09-01,0.29827089337175794
UCY_vDlvG-BTDRIOk_I9QQ6g_2026-09-01,0.8955331412103746
UCZ-UuK86Bk5sGzQQ2cEglJQ_2026-09-01,0.04106628242074928
UCv1tOT645xHOJrwdGlzjMaA_2026-09-01,0.28170028818443804
UCuWDza8A_ntbjwBZgW0ZSNw_2026-09-01,0.9005763688760806
UCrXfM4HsibSucC_NlIY7v0Q_2026-09-01,0.9553314121037464
UCYGF_xk5RDpltyZDSx040uw_2026-09-01,0.19740634005763688
UCZudBEEhIf6i8XIZZn3QDvA_2026-09-01,0.2730547550432277
UCbFzvzDu17eDZ3RIeaLRswQ_2026-09-01,0.07564841498559077
UCrY2B2XX41ReYh9DIWrFfCg_2026-09-01,0.5612391930835735
UCyiKngyUPUb1bka4yFrn65g_2026-09-01,0.9488472622478386
UCybfHuHkJRzGDymek2Dsqvw_2026-09-01,0.23703170028818443
UCEuP8zMn3ln3ZqJa85dp9JQ_2026-09-01,0.5122478386167146
UCvPDPTxTLitVEyGu4Xt6m8g_2026-09-01,0.41354466858789624
UCDHGqgpiHQAsE0UiltRqhfQ_2026-09-01,0.2507204610951009
UCJoWNCiFuiN4eZnB80WUf4Q_2026-09-01,0.15922190201729106
UCLHwMFguUxHVSk91vzicEJw_2026-09-01,0.1138328530259366
UCRpdlPk671uOMiBtf5HtB3Q_2026-09-01,0.3746397694524496
UC5grrciAyUF4xjd42XhV-1Q_2026-09-01,0.6858789625360231
UC783XWULPW-nDGv_0EYlB6Q_2026-09-01,0.21037463976945245
UCJpAwvQaZyCI5spAz7tipGA_2026-09-01,0.0223342939481268
UCNmN3W2H0r5_hV2drzbEn7Q_2026-09-01,0.12896253602305474
UCi5yzN6jpdz2akGTm-mJSKQ_2026-09-01,0.7442363112391931
UCjyXK9pWHwWR_-bRibFaWDg_2026-09-01,0.2939481268011528
UCZPfs7xIjGmOGs9kvgGhUKQ_2026-09-01,0.7420749279538905
UCepHesz_5Lwr7qRaqjB-p1A_2026-09-01,0.2384726224783862
UCfIUuMA7U_jImP7oWfTe4Pw_2026-09-01,0.018731988472622477
UCby0vMKcLR05ZdS90aZd5og_2026-09-01,0.9286743515850144
UCQJuZxeDv2P05YHcC-tIEVQ_2026-09-01,0.40561959654178675
UCp_jHNjcoiXC7SlElrBmzBA_2026-09-01,0.6304034582132565
UC-2wa6jvprl7hfCpvw0ULzg_2026-09-01,0.31484149855907784
UCvPGGL-OTEAQlwAUxbcJO8g_2026-09-01,0.04610951008645533
UCEg24oF81p-THPtp3otdmTA_2026-09-01,0.061239193083573486
UC-yb5eNBQyXBE9nZnht9u-g_2026-09-01,0.7089337175792507
UCCMQyaKDjQJY79VimTdaYYQ_2026-09-01,0.09510086455331412
UCO94iFhOhtdGb4Ze5DUAtbw_2026-09-01,0.4877521613832853
UCQfd-b9GRBrUP0-wCqabLTA_2026-09-01,0.7190201729106628
UCWH9vqm4yM9MHiSUPTfdJYg_2026-09-01,0.8876080691642652
UCDBAVzfX3yZ1hah0FHnOoaA_2026-09-01,0.0223342939481268
UCD2YO_A_PVMgMDN9jpRrpVA_2026-09-01,0.02377521613832853
UCDYAog4sNhwQ5pXtAZiT0Og_2026-09-01,0.2521613832853026
UCXS55IczImEf64aU16NzKlg_2026-09-01,0.6455331412103746
UCab17MxxnFtAhGsJVTkSkCg_2026-09-01,0.7168587896253602
UCQuY08EEKLFOp0D37Sfpd0A_2026-09-01,0.5511527377521614
UCeiDuGZqWT4iiIXRTfhM3qQ_2026-09-01,0.6693083573487032
UCdcjduaR6hyGHVNmpbJzSsw_2026-09-01,0.6138328530259366
UCBvKuSAkXERBnGSQOH0Sarw_2026-09-01,0.4711815561959654
UCdb5lyq0tWbY3jqH35SufmA_2026-09-01,0.3472622478386167
UCaHIZAKows704_gk6bjdAog_2026-09-01,0.16930835734870317
UC5RxNUZ9_c94ZEfJGnJZmTw_2026-09-01,0.9293948126801153
UCb5NLtXAsTBrmaZVhyFa-Wg_2026-09-01,0.028097982708933718
UC7nIK3KpkhbGee5K_sVBscQ_2026-09-01,0.4142651296829971
UC7bcRlidTERRb_MKRHPVSnw_2026-09-01,0.07997118155619597
UC4ncZM9bnBknxPkJbq4miHQ_2026-09-01,0.48559077809798273
UC3Z9lUjG5BU60sce2-Axbjw_2026-09-01,0.611671469740634
UC3Oe-jfrIqEGygxYBYyN6jQ_2026-09-01,0.5331412103746398
UCBtJuwDt6LlXp2YASC-ZMdA_2026-09-01,0.579250720461095
UC3hCAmwyYNgRuOOSFV7evVA_2026-09-01,0.3760806916426513
UC3pTpoDKt17IrCDH60kSNPA_2026-09-01,0.88328530259366
UCkd3KAYGnTNPJZZrPOFeWhA_2026-09-01,0.4020172910662824
UCsmsw8102lekPyVYwKMHxmA_2026-09-01,0.888328530259366
UCtLWxhEMKOio-GzdVJ1CVhg_2026-09-01,0.9848703170028819
UCkrNv6xF8j7QZmWb3UeAH8A_2026-09-01,0.8609510086455331
UCkoszQp0YiJa9lGm_wK0xGQ_2026-09-01,0.5770893371757926
UCraf4ugZTyvFY6AJ0VjIxFA_2026-09-01,0.7622478386167147
UCsuanL5kXO29Uzz3MWlBsMQ_2026-09-01,0.9711815561959654
UCtGMgPWJNU2Aj-SNK0zg0Sg_2026-09-01,0.8840057636887608
UCrExV5uWnC3-WUnUN2Ck8HA_2026-09-01,0.9553314121037464
UCqyzJW0VRYRP_sFELZYdxGg_2026-09-01,0.6851585014409222
UCK1aVlIbEBrdhv-gbSgGIkQ_2026-09-01,0.9164265129682998
UCKrprPfevcAZpPuRnCO6xOA_2026-09-01,0.680835734870317
UCMAfHuocszM6UTORPwUmeNw_2026-09-01,0.8523054755043228
UCM81CAJ2_Y42-bvK1OQnAAA_2026-09-01,0.07997118155619597
UCJJZkVUNIxq8XNDzHiAD-eQ_2026-09-01,0.23703170028818443
UCcstDLbuhxEbFKkPZ6wST2A_2026-09-01,0.3753602305475504
UCULRVjf5z_WoR106msn8HoA_2026-09-01,0.16210374639769454
UCcJliZnsRbNw4I4uWSGq_wA_2026-09-01,0.8436599423631124
UCJmnOEp1-OITEU0mk4icM5A_2026-09-01,0.012247838616714697
UCZ6mNZTiTUrUSbSYPlclI4A_2026-09-01,0.6095100864553314
UCp6n8d8Y8r3MwKNw_MMaouQ_2026-09-01,0.5864553314121037
UCeOXoe4zJCBTBwHN1M_djUw_2026-09-01,0.7507204610951008
UCgO8sNnksVuKcuTVTQKSK3A_2026-09-01,0.24063400576368876
UCgLFbrC7-g0ihBKB0obVPTg_2026-09-01,0.9416426512968299
UCJDXc9JWCZo-nLNKr_-L2Ng_2026-09-01,0.7838616714697406
UChHxLcNi7e0zu-e33HM6v6A_2026-09-01,0.4474063400576369
UCwfbSsZ7_sccxcibe60mWlQ_2026-09-01,0.4719020172910663
UCifCesg-EUkjKyQedaB3hRg_2026-09-01,0.5079250720461095
UCcgkgKhXT6QwdGj9Nr8PBcg_2026-09-01,0.051152737752161385
UCdQHEqTxcFzjFCrq0o4V7dg_2026-09-01,0.3256484149855908
UCcHVk5SFxfYhCbbX8pWWuVg_2026-09-01,0.5050432276657061
UCwBkHOTyu57NQi0syf5MLig_2026-09-01,0.11815561959654179
UCfcfymsN3OMo2cfmbpGTanw_2026-09-01,0.2579250720461095
UCfjMjhfjRRy8B0mfqbO_43w_2026-09-01,0.20461095100864551
UCjSNmS8qcD1jEdQhU5h-zKQ_2026-09-01,0.9373198847262247
UCww3MeqGQnIatVvEr3pSjhA_2026-09-01,0.2946685878962536
UCwlUB3goOsh4tpqZKIzUAbA_2026-09-01,0.40922190201729103
UCjUnlBpn0Z1L450g79fniRg_2026-09-01,0.9697406340057637
UCz4b1O9sT73P8DWwx6OvQwg_2026-09-01,0.35518731988472624
UCVey3Q_CodrHAWBonTGbHFg_2026-09-01,0.6073487031700289
UCVnp5Jumir-XIyeejktUhlg_2026-09-01,0.22262247838616717
UCPuD5ZRQWa_JCaY5NokNhtg_2026-09-01,0.7946685878962536
UCeRn_02zEifLqXxZkTpiXzA_2026-09-01,0.8155619596541788
UCikKJvpU0Ylua4hRW6faQRg_2026-09-01,0.7082132564841499
UCZNTsLA6t6bRoj-5QRmqt_w_2026-09-01,0.13328530259365995
UCy8OX8RrstkjRrnM5hND_ug_2026-09-01,0.7478386167146974
UCyZXLzORHoh9QMwA7IwS0pA_2026-09-01,0.9632564841498559
UCvrxJgD0T_TFvgsO2nA-fDQ_2026-09-01,0.14121037463976946
UCxpXguPL_B5pz7Gq8ozfwlA_2026-09-01,0.8515850144092219
UCz5UFGucIyJGH0nf_8d0ghA_2026-09-01,0.6793948126801153
UCYG8tuvbQzWsDeoADyJFU8Q_2026-09-01,0.6757925072046109
UCuZ862fZel1gq9RAf_OkvqA_2026-09-01,0.16858789625360232
UCzVXdulvpgEoI8yuFMmhxJw_2026-09-01,0.6015850144092219
UCvuc6-wCcCeDrQ9dA52pBBQ_2026-09-01,0.9380403458213257
UCuFguUhr9Wr0tFY85nDGk9w_2026-09-01,0.484149855907781
UCzps05UZ7XpX3SFoFyYIDow_2026-09-01,0.2780979827089337
UCYJ0Ucu9jPX5kn6SeDcNaIQ_2026-09-01,0.19164265129682997
UCQSEAbOs6vsJfy7WN7iYaGQ_2026-09-01,0.7269452449567724
UC00raQBBBGagQthJ01ZYIIQ_2026-09-01,0.8861671469740634
UCJzfS-WmieHog0H2OQoXkeQ_2026-09-01,0.47406340057636887
UCnju7ULBic4VgkCfDvVXCnA_2026-09-01,0.36527377521613835
UCNNR1-x2NhZARsNGnQlh2sQ_2026-09-01,0.21397694524495675
UC-S8JFhLkQ5enhB70c2CYIw_2026-09-01,0.007204610951008645
UC0PMQXAwF6O6aeTpv962miA_2026-09-01,0.30907780979827093
UC0aKwoKNeqBaUwiEXmkQaGQ_2026-09-01,0.14337175792507204
UC2WBkFH1nHcO6aFLWo6sZQg_2026-09-01,0.3919308357348703
UC0tmAwhgk_1ATJtFyVHrFxg_2026-09-01,0.26801152737752165
UC24GgPBq5W3v34z0p0uk1Ow_2026-09-01,0.9344380403458212
UCKUUL3fMVvYVZdGkKhhjP0A_2026-09-01,0.4092219020172911
UCL2ZLyAV0H9Pvi46W7TGdHQ_2026-09-01,0.2723342939481268
UCYJDUekoQz0-bo8al1diLWQ_2026-09-01,0.02089337175792507
UCaY7wcqhFb_c2eQ1eRB8rOQ_2026-09-01,0.335014409221902
UCnMshUhBxDsKFPnxBGmGEpg_2026-09-01,0.9596541786743515
UCjsqgRBvkn8XadWraSQxTKQ_2026-09-01,0.9697406340057637
UCgeazIBHz3JS7ft7_nyj-0A_2026-09-01,0.829250720461095
UCfq-5-0b5Lzj7cKCrp6-flA_2026-09-01,0.909221902017291
UCjiPEaapiHbJMoAdi_L8fNA_2026-09-01,0.31988472622478387
UCjBPx2oip2bKnnfqKyas0ew_2026-09-01,0.8926512968299711
UCiE9ZR51IeGPRbD4_Px6_Fw_2026-09-01,0.07853025936599423
UChKYbZ9fSz8DMM6wU-t1lMQ_2026-09-01,0.6001440922190202
UC86GXx7Ap-Cahlb0r0xT-ZQ_2026-09-01,0.5014409221902016
UCd6CX2LiQE2dEAPXwk2N0jg_2026-09-01,0.13904899135446686
UCQzgMwT5Q6x-Mtq65HRS_0Q_2026-09-01,0.5749279538904899
UC9vz3TBChrJmYbzUo-rqfSg_2026-09-01,0.43948126801152737
UCSh__r5HS4Y1xBkccWnV0TA_2026-09-01,0.15201729106628242
UCS-X1uBDTNwAYyydiXjcX9A_2026-09-01,0.8681556195965419
UCSkCNddZwo__x-iUr-KDFWw_2026-09-01,0.15489913544668588
UCSl8TBqqflby-ymdEQVfRNQ_2026-09-01,0.2730547550432277
UCOgXOOKbZRtfQvlggBpN6zw_2026-09-01,0.9358789625360231
UCcum1rCJ5GJeQ_xv0xrohqg_2026-09-01,0.12968299711815562
UC_RRZdJk55ShXE-9d3deRUA_2026-09-01,0.4639769452449568
UCPN9TrChCye1s97iEUOsIeA_2026-09-01,0.7780979827089337
UCBo7GIv99qTzHaa6ip09YLA_2026-09-01,0.8595100864553313
UCTmniSiCVyG_UKVCEa9PNKA_2026-09-01,0.5597982708933718
UCamHctB9_ZaFO9vZElnl_Yw_2026-09-01,0.8342939481268012
UCa4clnMsHg6uJPpxKbxCEmA_2026-09-01,0.2889048991354467
UCarBV0zWlC2k-HteyeKqfag_2026-09-01,0.13832853025936598
UC3RzmV2LX3AmWhZVx0A7u0A_2026-09-01,0.2334293948126801
UCeBa5aBvHvly34S0Uk9Wqig_2026-09-01,0.984149855907781
UCaj7p2XHGqfBYb2OI-7Q2DA_2026-09-01,0.19524495677233428
UCDLDbittWhk2KXvaCT0YpZQ_2026-09-01,0.2997118155619597
UCD8r5Jgns2V64-NcUmXclpg_2026-09-01,0.19020172910662825
UCtUHgx7SA_eZFssVODDh82A_2026-09-01,0.16210374639769454
UCkphwoGMBs2_0raLOqu9aQw_2026-09-01,0.9776657060518732
UCm6Y-gVqhlhX4FzrJCtsSzg_2026-09-01,0.11743515850144093
UCmcBe97VA2LqVEQUeeZl6Ew_2026-09-01,0.07780979827089338
UCEcRvF_6IRSux8FO-ogFZug_2026-09-01,0.2514409221902017
UCGW76VChAJKee9kYzvyoycQ_2026-09-01,0.6657060518731989
UC5WN-znPsJK0BbA8aHxZHWQ_2026-09-01,0.6750720461095101
UCaova9Q4UZLPqFnSvq8VxzA_2026-09-01,0.3249279538904899
UCaN3tSrrzIrXSDonEe7LK9A_2026-09-01,0.6440922190201729
UCHCeN9BUgogMGrHBC6zKYvA_2026-09-01,0.5518731988472623
UC6JTm9ObvQFuTEOxOsbmYwA_2026-09-01,0.25288184438040345
UC7hwQp3F6P_OwyRM14p88iQ_2026-09-01,0.11743515850144093
UC7wtTnMorJi_d93lb_P2Xow_2026-09-01,0.20244956772334294
UCqPN9LAkx20aBWOafwvQB-Q_2026-09-01,0.10086455331412103
UCIsrVj53L57rcLAPOre4Xhg_2026-09-01,0.09726224783861671
UCHbz27HAkCIQNw_G2Pa7XVg_2026-09-01,0.34582132564841495
UCqVkQsNin4MdGFrWvzFVOKw_2026-09-01,0.5021613832853027
UCta3D5-EYqO-pduQLxQ8mNQ_2026-09-01,0.37319884726224783
UCqjUPx-UAFHVvthd71bY7_g_2026-09-01,0.5914985590778098
UCAenntxQB3F7AH637vySglg_2026-09-01,0.627521613832853
UCATlfGN7EDjXS_2ofklb3bw_2026-09-01,0.4214697406340058
UCvagJYsZ_uvB3jJoNwuimZQ_2026-09-01,0.7759365994236311
UCrxzkAOXEbflxcTbRYnCoTw_2026-09-01,0.3306916426512968
UCk3w4CQ_SlLH4V0-V6WjFZg_2026-09-01,0.13760806916426513
UClHTjLVog7CkRF8tYJuNXXQ_2026-09-01,0.8069164265129682
UC_O4_e0nbsMoU1rg7JU_nwQ_2026-09-01,0.13040345821325647
UC3BUvshHmW_-ReQX1B_EeOA_2026-09-01,0.44092219020172907
UCeB_ZeSo0xDL62wWlkTEtjA_2026-09-01,0.2622478386167147
UCOaUTqrtz1yBBiwziVJEAmQ_2026-09-01,0.6671469740634006
UC-aXNBQ6nwMNeW2V8XB7sBg_2026-09-01,0.9142651296829971
UCXCa03lRK6tlntZoJ7TUWRw_2026-09-01,0.4531700288184438
UCXQoI3upwKr47JAiVaYkvIw_2026-09-01,0.4603746397694525
UCNymqCXr3sxL8dnmO_jScuA_2026-09-01,0.1260806916426513
UC14G5tdSndPhP47RTVgMXcg_2026-09-01,0.5922190201729107
UCJj2vuQIpFnk5pbTAtCi3yw_2026-09-01,0.3976945244956772
UCMZFHqDjg1IE5kzm9fZBOFw_2026-09-01,0.4783861671469741
UCc1VJX_5Z2RdGi58XU4IfbA_2026-09-01,0.989193083573487
UCT807kAu6fmwES8B5698e2w_2026-09-01,0.3494236311239193
UCS7gEaMmBPAaI8dHNnrSofg_2026-09-01,0.15778097982708933
UCcp8n8YZXg5qko87BgVwg1A_2026-09-01,0.10014409221902018
UCzDyC6JMEXEufozffWzI9Mg_2026-09-01,0.6902017291066282
UCZPBWThSlgWT0DVaxxUEX4A_2026-09-01,0.654178674351585
UCZuT6NXrfZzYbqCG_RWgSgA_2026-09-01,0.9293948126801153
UCuWcjpKbIDAbZfHoru1toFg_2026-09-01,0.8011527377521613
UCztGUZP5cCuIZDViaJanLKQ_2026-09-01,0.6570605187319885
UCzSODDx0zQF3nxXOZISCm_w_2026-09-01,0.6865994236311239
UCWjfI3wnNOgQCTu2SijfgMg_2026-09-01,0.6311239193083573
UC1Il94cQwl93Zun8ax1Qjlw_2026-09-01,0.9142651296829971
UC2OFe8XUEqDT3eJGO-0EDNQ_2026-09-01,0.7946685878962536
UCv0cBz_Vdmd84xYl7gKWwQA_2026-09-01,0.6750720461095101
UC7gozbdUqpQOYN1og_d-J9g_2026-09-01,0.5914985590778098
UCw55Gv3z7xgtG34fOP1-Aiw_2026-09-01,0.6051873198847262
UCIXQkaLrM7_t87SEM_pmHpA_2026-09-01,0.670749279538905
UCA2ztZuXhSktpdxb419WvCQ_2026-09-01,0.8551873198847262
UCAaLhok91QDrweyuDRsmjqQ_2026-09-01,0.10302593659942363
UCA9f2-9fUklMMOaz8vKW7Jw_2026-09-01,0.7463976945244957
UCP8Q-Ku5_RkANynqDFzDWnQ_2026-09-01,0.8011527377521614
UCTVkjiEiaiSbEq0Qwd5XTPA_2026-09-01,0.94164265129683
UCAEQiQ4Mg6fFkPshBMhPaxw_2026-09-01,0.9827089337175793
UCg80LjrsnWo0T3T3uYCPhrQ_2026-09-01,0.5634005763688761
UCGi94VU356EAvQLgODywyrA_2026-09-01,0.5734870317002883
UC9FRxVaiS2aY0ANaWLP8SMg_2026-09-01,0.6851585014409222
UCHK-FRuAjk8g798dD7L7xqA_2026-09-01,0.5763688760806915
UCH29Gz8a6veRLqUxzjBXHrQ_2026-09-01,0.420028818443804
UC9zmo9x1o7xAfgM1Fw3Dg4g_2026-09-01,0.9596541786743515
UCcJ_oPUSkS_h96_PuizxMGA_2026-09-01,0.8148414985590777
UCYTQCmuFcacJJ_Tad20qqEw_2026-09-01,0.06700288184438041
UCXqP0RsJo6-y-MrKz6k8H-g_2026-09-01,0.9012968299711815
UCL3ooD3l7KEqb85EBZSEkZQ_2026-09-01,0.3479827089337176
UCtjBNJ4UbuWGLe-415urMOw_2026-09-01,0.1527377521613833
UCzT9VqGDsCxleSmXzJ80hBQ_2026-09-01,0.6880403458213256
UClpc-7ejy_cntRdmrFLbOfg_2026-09-01,0.5187319884726225
UCn3lLusvOTVdtxZi0EHlSTw_2026-09-01,0.9906340057636888
UCoovEJW0dyTWwHiblWDWvyQ_2026-09-01,0.36023054755043227
UC2IYsRiATGe71sLIOlSXGuw_2026-09-01,0.86671469740634
UC2f8VfmEF2_0-rFN4RNHaNg_2026-09-01,0.32708933717579247
UCJENagCOfjMxdQUDxO4kq2Q_2026-09-01,0.930835734870317
UCklDsqQMGPYIMpIhQ5Jz6jA_2026-09-01,0.29178674351585016
UCI4wEWWBEElIbp9jHcFllTw_2026-09-01,0.7795389048991355
UCE3q8VKqIT_vOL4b9Nl8chA_2026-09-01,0.48487031700288186
UC1p5kp09LAS3kpQB3O8YQJw_2026-09-01,0.9884726224783862
UCIzbqIyEUxtFLYh_sCDoXpw_2026-09-01,0.1484149855907781
UCh7XUfZEEV3pct5zDjx6OZA_2026-09-01,0.8306916426512969
UCiVO_mThS9B3tNc_kzpn-3g_2026-09-01,0.34942363112391933
UC0E_zsPAziGgkxaAtwvmFAA_2026-09-01,0.20461095100864551
UCKHx_yf3dI2ajWAjXRJ_9Rw_2026-09-01,0.5252161383285303
UCKiCT33Gmj3mlJ5xh-9ZUqw_2026-09-01,0.505043227665706
UC2t5bjwHdUX4vM2g8TRDq5g_2026-09-01,0.32636887608069165
UCKmOaDLQpgbsmGsHpV9688g_2026-09-01,0.6123919308357348
UCPPuXI31ybWYB560T2uAeMg_2026-09-01,0.6188760806916427
UCMgTCM5mGx3y4Hg0aMOXrbw_2026-09-01,0.6368876080691643
UC_EEqHc75kYwzrN7L8T2Bfg_2026-09-01,0.7586455331412103
UCsii9gve3wx7kHDfVlM2Stw_2026-09-01,0.22334293948126802
UC7wosSPUA3os3b3-RMZZe6g_2026-09-01,0.8061959654178674
UCC1veMJY2wElX0lpYOoNB1Q_2026-09-01,0.03746397694524496
UC46X_E7jxvJ1O_3gnaeCxeg_2026-09-01,0.01945244956772334
UCkmUJzaZfP7Wsb5-89pAK4Q_2026-09-01,0.6714697406340058
UCkpKYfb8wM67QnKxBj9bZXA_2026-09-01,0.4243515850144092
UCktXAh1Sd7wf8eQHc029-8g_2026-09-01,0.5871757925072045
UCql_fqTxryFKW7jukEvNoCQ_2026-09-01,0.6001440922190202
UCIQEX0V3QxP-tY_jpRT-waQ_2026-09-01,0.5453890489913544
UCFvdXoI9LTADYG07s4pMnhg_2026-09-01,0.3227665706051873
UCHoo90P0hvh2rrbGvX53G0A_2026-09-01,0.7082132564841499
UCms8Ge7H1ZGgw6nV94fUhUQ_2026-09-01,0.33789625360230546
UCtKNP4UGUA1ybxJJcTC_GFA_2026-09-01,0.6440922190201729
UCFiHjGyrJux8Rt4e6mUPU-w_2026-09-01,0.4841498559077809
UC9M8GGVwPqc9ubNruArCNPg_2026-09-01,0.47982708933717577
UCnDcpS7XLQ9KFPqULb9TH8g_2026-09-01,0.1138328530259366
UCxDq2kGOt3h2_ilI0Wih5dw_2026-09-01,0.984149855907781
UCBkvEgeJ3_UMwbW7VCxzs8g_2026-09-01,0.792507204610951
UC0wo7SwsC5dE0nSgBs2M-3A_2026-09-01,0.03674351585014409
UCzHnjIeMxo1gViogzN9xMLw_2026-09-01,0.6296829971181557
UCaN1Qp37sHiCdQuSaXa3fVw_2026-09-01,0.920028818443804
UCtIbfg_6gjbdFqCqAiUcqyQ_2026-09-01,0.9546109510086456
UCEJF0q0SqEJ64uA9LCXuSrQ_2026-09-01,0.9942363112391931
UCaZv-jDn5Mq5KJ1buXDRd4w_2026-09-01,0.37896253602305474
UCDmmbxGg8g-EBkC_ku6vybg_2026-09-01,0.8097982708933718
UCpAZLM9XMzIbqFucUBD8Jtg_2026-09-01,0.909942363112392
UCe-7GwWL1XNlCJyfqBhgrHA_2026-09-01,0.24927953890489912
UCnCeDIkExSpULGqmpj5oafg_2026-09-01,0.9322766570605188
UC2YA1b6qKO2YteKYFuMiYPg_2026-09-01,0.765850144092219
UCW1FuNP_2X03y7H0HIujOTA_2026-09-01,0.5511527377521613
UCGX5t-qAZjL4xl5xZ36Md5g_2026-09-01,0.5770893371757925
UCvsw3aXHnikw3MVGSwOICxA_2026-09-01,0.5612391930835735
UCHXhFmex5EkUy-fP2IMQ_Ug_2026-09-01,0.5842939481268011
UCmvMUe1GqpZFkj1e-V532LA_2026-09-01,0.7997118155619596
UClFSQxcVutJFEI9nCAOOkgQ_2026-09-01,0.7845821325648414
UCXb8sP7slkJyunTEAsP-CiQ_2026-09-01,0.8018731988472623
UCR0aLp4aIvxS07g6rGWZr_g_2026-09-01,0.3840057636887608
UC6tlo9WajrgiX3Eej_jEr2A_2026-09-01,0.010806916426512969
UC-StHq1pWM-t4XS9ycZpn9w_2026-09-01,0.3667146974063401
UCbYO4SBywZ2oWv1u309oWmQ_2026-09-01,0.8479827089337175
UC8MgGtsJazbztr5eGWiqUXw_2026-09-01,0.7060518731988472
UCE-6-bWkikwoP4_ooZNep3g_2026-09-01,0.21613832853025938
UC8CX0LD98EDXl4UYX1MDCXg_2026-09-01,0.2744956772334294
UCKY2DOkLOyPLlvGHI3XQw0Q_2026-09-01,0.819164265129683
UCLXI7tT4pHH222QgpvYx1jA_2026-09-01,0.590778097982709
UCo77zdYpvhgUsdP0Z0vmz2g_2026-09-01,0.989193083573487
UCdZrsVZ3QolU1TWFaDgN2ww_2026-09-01,0.8580691642651297
UCEjXNNB9IKEa4HfLQVt8VEg_2026-09-01,0.7514409221902016
UC4VWaR3R17Ruc7j1Cy1-PKQ_2026-09-01,0.9848703170028819
UC3ozN5tHi449NhCDE6Xtmwg_2026-09-01,0.3249279538904899
UC3gl4CHfNtAqNjju1goB0_w_2026-09-01,0.9394812680115274
UC3_QWAvQRhPW4CDoQU8acKw_2026-09-01,0.14337175792507204
UCAJ-meoCh1TrPZ7La3UpPrw_2026-09-01,0.15706051873198848
UCpcTrCXblq78GZrTUTLWeBw_2026-09-01,0.09726224783861671
UCqI5lyTpC79pOy2D-VXAMdA_2026-09-01,0.1138328530259366
UCPI40-XQA9-GBGj2k8PPqfg_2026-09-01,0.20893371757925072
UC8FErYSi74YwGUAoTpjvgzQ_2026-09-01,0.8739193083573487
UCpX86JOUhnrzG7MK8e8Gjbw_2026-09-01,0.10518731988472622
UCAtGPbK4AWmeoaREsNLLZhg_2026-09-01,0.24351585014409222
UC8rbhIem-3aAsNXhTDI-nSA_2026-09-01,0.14985590778097985
UCBY9rOZPo0fLE45mOV0s0cw_2026-09-01,0.9762247838616716
UCS3_H_feQRm4QbXipKTvSrw_2026-09-01,0.3832853025936599
UCVZI7eLie2UlZph6aiBRNrw_2026-09-01,0.048270893371757925
UCnV5tUnOVGyT-Ncj0s0tPTw_2026-09-01,0.4632564841498559
UC8CIM3d3zDYMk-3T5aAz0yw_2026-09-01,0.040345821325648415
UC8CZL4cvFiKwKKDNCuM2lTA_2026-09-01,0.8386167146974064
UCo33r3SAf5z9MS-lrXV2aOQ_2026-09-01,0.0936599423631124
UCoSniqkitCpxlHrQd5L8A1w_2026-09-01,0.6015850144092219
UC9jOsXFn3RwXEW3qUyySjAQ_2026-09-01,0.7211815561959654
UCBA9XaL5wCdHnC5EmEzwrqw_2026-09-01,0.08429394812680116
UCpCBP5cVIBvezPI1LKFMYjA_2026-09-01,0.29394812680115273
UCt8CJiye87FMbEwt0npPMuQ_2026-09-01,0.4257925072046109
UCAl4HWznMn7KhKBRFO5eiFA_2026-09-01,0.3112391930835735
UCYooECrv-fIXlPaDwEIaveA_2026-09-01,0.2478386167146974
UCvAetSOU_4lyjM5hVMNzN0Q_2026-09-01,0.520893371757925
UCtt0Hg9MhraTkzWwNQpplHg_2026-09-01,0.8126801152737753
UCrR_fhiJjoW8OJFzUcmlMMA_2026-09-01,0.47046109510086453
UCuwnt_REmD4YsCtFJRoqjFw_2026-09-01,0.2420749279538905
UCrKSaegnzewdj9-YLsUhoZw_2026-09-01,0.4855907780979827
UCabScupufwcOzAdcVXZrmlg_2026-09-01,0.46757925072046114
UCYsRymb9vAsOOLBy-Wo1kRg_2026-09-01,0.6548991354466859
UCZRH94I89Ps7giJYeK6DlWA_2026-09-01,0.14553314121037464
UC3DYSay178fMMPaf3zHwECA_2026-09-01,0.32636887608069165
UCDbOXmGL7EkmOcnUb5Kki4A_2026-09-01,0.2600864553314121
UC08-hQbwh7eyr8PlaYG2-sQ_2026-09-01,0.40706051873198845
UC-8S20Ll1gzPiu_YY8BgyaQ_2026-09-01,0.06988472622478387
UC1dG3vI9FfHnH3YgyeKUz_A_2026-09-01,0.0223342939481268
UC2NFRq9s2neD_Ml0tPhNC2Q_2026-09-01,0.050432276657060515
UCI6Ro_MOr36re4Bhb7nCY7g_2026-09-01,0.8969740634005764
UC6JB_a6rD1lZ_aZgQvORfrQ_2026-09-01,0.9272334293948127
UCKVt3arMXfa6XZezR1UnjqQ_2026-09-01,0.5482708933717579
UCTK7GGeH0c9INAEnV2EfD0Q_2026-09-01,0.6181556195965419
UC3hqiw3lZAXaMwhQvMGZkdw_2026-09-01,0.6448126801152738
UCvUKUkIM67eWFbQemjj2-eA_2026-09-01,0.3126801152737752
UCzRPPKLkNxjD2of-0Xxfnjw_2026-09-01,0.43227665706051877
UCw-JzmPsjRcbzJLncr4pIIA_2026-09-01,0.07564841498559077
UCXAXCxTCCYYKsLJNzEvjqfw_2026-09-01,0.1505763688760807
UC699Y51pMl0wWLPA4atcZjQ_2026-09-01,0.55835734870317
UCyAA-Vj4ORjXl5Ui2m6_Llw_2026-09-01,0.35014409221902015
UCzDmGDR5RdahQkLCBoWlTEg_2026-09-01,0.37608069164265134
UCJYdIDfGkqXTsQq5aW4md0Q_2026-09-01,0.7989913544668588
UCNu00qhYj4nPeMNdxuwV6sg_2026-09-01,0.7269452449567724
UCPJGXrPIVKBR8PJY7w33WZw_2026-09-01,0.21037463976945248
UCmiTZyj9GwMjyznZxrgCH4Q_2026-09-01,0.25792507204610954
UCaMV-CjrWYh2Aefg_8iLwJQ_2026-09-01,0.10951008645533142
UCYjNEoVziojh1ZCum1q0PNQ_2026-09-01,0.5619596541786743
UCXVVG5ZM3SJJCh94xatR8Dg_2026-09-01,0.49567723342939485
UCd-Ziz8pAMZBWl7juEghsag_2026-09-01,0.1887608069164265
UCN9VGDvz2M3vdR0czEUp6lQ_2026-09-01,0.6455331412103746
UCN8L7Z-dyzu9FzT39RM0fvw_2026-09-01,0.41858789625360227
UC_yxsHiFh1_j174x4AxICSg_2026-09-01,0.3242074927953891
UCg7rkxrTnIhiHEpXY1ec9NA_2026-09-01,0.10014409221902018
UCgWwo8FJL3MCxfd66ip7nFg_2026-09-01,0.2456772334293948
UCyoSQyaCrZHro6F_nBiXIYg_2026-09-01,0.018731988472622477
UCvjzWMh2bihwlIN-WRtddkg_2026-09-01,0.9935158501440922
UCeG0ONJtjwE20ThR5iSYdsA_2026-09-01,0.31484149855907784
UCd9oeoY-jLSkhd-J5y_1aYg_2026-09-01,0.9697406340057637
UCePy6AqRuTfKDC4aTrqcAqQ_2026-09-01,0.9755043227665706
UCbeQg95cAxVRsxxh6FyilxA_2026-09-01,0.2442363112391931
UCO8ToDSM2Gvt3EZdOdosxTw_2026-09-01,0.49639769452449567
UCMswODzU1ZjjrLyUk7NfwPA_2026-09-01,0.361671469740634
UCMpvRMwoq_WmradKdysk6Cg_2026-09-01,0.13112391930835735
UCXYNuWjnQRSAXCGl9gv8Ncw_2026-09-01,0.18371757925072046
UCSgvQDek_7CQj08fu7kp1Iw_2026-09-01,0.13904899135446686
UC7loyhgCm1NRTtyF36hO-jA_2026-09-01,0.4985590778097983
UC8x8GQmlxAIhHxzU61z0uLQ_2026-09-01,0.4855907780979827
UCBW_PhuXoHk40xF6nO0Q64w_2026-09-01,0.8854466858789626
UC9JlObZnbOirT4_iyPGrdcw_2026-09-01,0.33213256484149856
UCB4YEVYp6LynBpz7bXyZsTg_2026-09-01,0.8249279538904899
UCF-rFAdN7dzd-SI2T3rkCaQ_2026-09-01,0.388328530259366
UC027x98NgUBw9K4aPT8k0mg_2026-09-01,0.21829971181556196
UCuCmLrNT5MbpqfrSSKHqTug_2026-09-01,0.5396253602305475
UCCd3jyJmOFzkJEMj5Bp89rw_2026-09-01,0.4553314121037464
UCGa52d8Qlv3THghuCAt_nXA_2026-09-01,0.5129682997118156
UC-FiQR2gg8oiNw98ZdsSX6Q_2026-09-01,0.6268011527377522
UCooLkG0FfrkPBQsSuC95L6w_2026-09-01,0.521613832853026
UCpn9dP1b5BhBsU9SduEz1hA_2026-09-01,0.28097982708933716
UCCvEN8bTeF8Z2jcN513T1Gg_2026-09-01,0.5259365994236311
UCBvkOBLsSj9kusGYlroQkBg_2026-09-01,0.026657060518731988
UCQfISxq5legTqOt1h1us6lg_2026-09-01,0.8984149855907781
UCdm06VHBWF5Mg5kYxffzikw_2026-09-01,0.8955331412103746
UCQhIdo5nRQY9DB3uo7vawtw_2026-09-01,0.9365994236311239
UCawK5EIfr66Z7fjAlZgfB2g_2026-09-01,0.6736311239193085
UC4P7F8qenDo1O_5NvgBb_cg_2026-09-01,0.060518731988472615
UC5H8Wt-1q_tnn-m4tDTqbUw_2026-09-01,0.6635446685878963
UCQDGJQe8X9tbk_i8Na3VVXg_2026-09-01,0.9524495677233429
UC8Xz3BKjDvQk7lKhH7Hi9nA_2026-09-01,0.29538904899135443
UCF5RrlbsxJjAVLWgOCoNHMg_2026-09-01,0.41714697406340057
UCC1LvVTX2ySKYjeIXkAtvsQ_2026-09-01,0.09654178674351585
UCCW6uYIUP4YKKe50k-ktVAw_2026-09-01,0.1469740634005764
UC5T_FfQwgy56XP0aEVHYULQ_2026-09-01,0.4726224783861671
UC60HSePkZwGFzRj6VSDa6Ew_2026-09-01,0.8710374639769453
UC72PuhDwKtZ5MikpGNhPAtA_2026-09-01,0.680835734870317
UC5bjQxLK_3XVzIOTQ04sYeg_2026-09-01,0.9574927953890491
UC6oq8RPEH1BmtyldQgXVbJw_2026-09-01,0.8429394812680115
UC5ScPjbt-a97AJO7SBj6nAg_2026-09-01,0.09654178674351585
UC43hOVGChFuQRV47vxc_c-g_2026-09-01,0.9985590778097982
UC5Yx9RlmznXDUEIrfoSqheA_2026-09-01,0.8458213256484151
UC6YqXiwCBfPvPTs3wXgWElQ_2026-09-01,0.2780979827089337
UC543-TDm6IvHHZXwdSFioMw_2026-09-01,0.2622478386167147
UCk5mlvpbj8CZxD229CpiouA_2026-09-01,0.9034582132564841
UCk5C4AR3uvmKwZYkIlSobbg_2026-09-01,0.3667146974063401
UCkcaRxpTcisadUeCbHOYTFw_2026-09-01,0.781700288184438
UCs0LzOveQMLImmmTrMmP2sg_2026-09-01,0.025216138328530258
UCkavlo6q2XfO_MA9Q24wRvw_2026-09-01,0.8998559077809798
UCl402YYy7RcH7PBI3npmGPQ_2026-09-01,0.01440922190201729
UCs-JvUOu6kEEO0BcTFhUErw_2026-09-01,0.8443804034582132
UCt15X5eHLwyP8PpNtQTkuDQ_2026-09-01,0.046109510086455335
UCsRiYH-VrZ2mYsohk7GhLdQ_2026-09-01,0.2968299711815562
UCt6Eo4xMTHhlOWg4_PAz_MA_2026-09-01,0.9452449567723342
UCtRiSpvkhtRXaSjVjEB9LKg_2026-09-01,0.7665706051873199
UCrD6viwK0DHbQuZSOZBbofg_2026-09-01,0.19956772334293948
UCksGX0hODm1Ev6mysrToMqg_2026-09-01,0.4935158501440922
UCV6mNrW8CrmWtcxWfQXy11g_2026-09-01,0.23487031700288186
UCOTJtP0Z9DjpPU43B5m1V6A_2026-09-01,0.13328530259365995
UCKttwyzsHvW7bCo7YfTacVQ_2026-09-01,0.7507204610951008
UCK8iWEZupSV2pmDMxtwdAmA_2026-09-01,0.7723342939481268
UCR1ctqL11HoxQkbSkoUAYeA_2026-09-01,0.765850144092219
UCKYqtXYbSqaEwBmX43Q13Tw_2026-09-01,0.909942363112392
UCMo4MnhHhSDkiUIXS6dytTQ_2026-09-01,0.5453890489913544
UCw1DsweY9b2AKGjV4kGJP1A_2026-09-01,0.42651296829971186
UCUR5w0E-jQTOO8Q0FZ4ilYQ_2026-09-01,0.0028818443804034585
UCW_Ptq0v8ck67w9oKiwXz2g_2026-09-01,0.7305475504322767
UCdF0eCyf5np3lPO4y1fJVdw_2026-09-01,0.5338616714697406
UCJGww2K__Q3y-MtDi0XWH2w_2026-09-01,0.03025936599423631
UCJZsABKjWUGbT0qf3MsXH8w_2026-09-01,0.8681556195965417
UCMF3M48BakI-ptofqoUqdAA_2026-09-01,0.5309798270893372
UCZ49HaU_D0Tlf1aDA2jU_Vg_2026-09-01,0.15201729106628242
UCoQU5wtIxq0QGh80NHky82g_2026-09-01,0.1786743515850144
UCpTNtH8yc1Kdl_YFfsQsTYA_2026-09-01,0.36023054755043227
UCdXpKf3aIenvWkMbF3EvcQg_2026-09-01,0.5706051873198847
UCgjaQlejpAnIu0q-xtVfTEw_2026-09-01,0.2780979827089337
UCOaUB8RzbLXB7QZtCmMO-8A_2026-09-01,0.20677233429394815
UCgT-gb3favw2jQgwxbbwwaA_2026-09-01,0.042507204610951005
UCos3GN2gX0wLcfuhOAiMotQ_2026-09-01,0.329971181556196
UCOLDn9gw0yegXRgjoi5MzNQ_2026-09-01,0.7752161383285303
UC_8GOc5dWX2Kpb74_nQ7vSQ_2026-09-01,0.03314121037463977
UCi8fe6P0_tLeZ1r31wOydvw_2026-09-01,0.6253602305475505
UChLqHuZV0PENIBYxDgXyPLQ_2026-09-01,0.8472622478386167
UChfs1dQ5phBDBWZJ1hHLbUA_2026-09-01,0.14121037463976943
UCj5Y6sl23ln9PL6OiDTL7Gg_2026-09-01,0.7492795389048992
UC_m_uqd_9s0hZvlgfvCzqbQ_2026-09-01,0.7665706051873199
UC_9W6Z5Y3lDpLk47Y_y5ITQ_2026-09-01,0.39913544668587897
UCoqMTw0yGmjIjNayukuOg5Q_2026-09-01,0.31988472622478387
UCim7oePrB5hdfhcYwgUY6Jw_2026-09-01,0.41282420749279536
UCcvKf8NxAw9i09hZw1MQPBQ_2026-09-01,0.08717579250720461
UCjOtzpfj5lF9erwTEQYkxtQ_2026-09-01,0.22910662824207492
UCxPMcxq7WJ32M3lnFn58Cpg_2026-09-01,0.36095100864553314
UCPa8JSV9SPAjX7P2S-N5ssg_2026-09-01,0.3659942363112392
UCPsZX-D7LW99PjZLA-UysPQ_2026-09-01,0.9423631123919309
UCpnnUKmAQKgVinEV-lV-N2g_2026-09-01,0.07853025936599424
UCtVBI7YLJyDvrx7iWAukx_Q_2026-09-01,0.004322766570605187
UCvx8JsZvDVER74lG39dN9nw_2026-09-01,0.744956772334294
UCyEIUlSKbzCt3ElAsPFb7EQ_2026-09-01,0.4697406340057637
UCVWAdUQGUiY2Kzh0JoB5PtQ_2026-09-01,0.6109510086455332
UCUae69frfqpKOB3BUMdX5Qw_2026-09-01,0.2622478386167147
UCdvY3MgO_BGrNbhbmxQC73Q_2026-09-01,0.8861671469740634
UCWVS5IJOkNnkKS5rjiAt9rw_2026-09-01,0.7946685878962536
UCp9skQ2mP_DfVL8c3gZQUzg_2026-09-01,0.8371757925072046
UCz1Gc37nWsdF_jbJ_SvMl4g_2026-09-01,0.41858789625360227
UCYM01qjjE_hmqFQAmOo-lNg_2026-09-01,0.9488472622478387
UCXu_CcxBZA5S_iG33OzA9PQ_2026-09-01,0.9610951008645533
UC-okJdotaXPlzivRzHFqzuA_2026-09-01,0.16570605187319884
UCyZtdaxIiGb4wp5AmkEMrwQ_2026-09-01,0.6304034582132565
UC0FUMakBJHsRrfKCGQuWnRA_2026-09-01,0.17219020172910662
UCWwbZhw5M-Q5dZtTK4nDWNw_2026-09-01,0.2211815561959654
UCYGK33LxFlgh9QtmvCYMR3A_2026-09-01,0.4243515850144092
UCRE-9quk3OT2OKgZFAgdN_g_2026-09-01,0.6412103746397695
UC0-ZCUCeCQBwKU15x0Aqk_g_2026-09-01,0.8530259365994236
UCuaizlkqA5hZ_Dt3kAQkW3g_2026-09-01,0.3061959654178674
UCVZ0SJNurJAv-6hV5VEGB2A_2026-09-01,0.12175792507204611
UCX11f6rIVaoWGvFnKKyPBNQ_2026-09-01,0.6880403458213256
UC-Pn1i_ot4qmG4l7wMZPvyw_2026-09-01,0.8854466858789625
UCSrQnB-Ip9hc0biFQ3HoKzg_2026-09-01,0.4193083573487032
UC141BuVRzSSXJX33Am9yxEA_2026-09-01,0.3919308357348703
UC1q4Ihlv_YhLELw-ijE0Diw_2026-09-01,0.0814121037463977
UC1aBdmKvC6yAiq4xgPLOzKA_2026-09-01,0.5086455331412103
UCLJNL66b_LytPcZovqz5pkg_2026-09-01,0.7031700288184437
UCnCFD3met1Ip7OngdF9TRDg_2026-09-01,0.4048991354466859
UCSOeJWyByeoBHpmrm0NnlLw_2026-09-01,0.16354466858789624
UC2_VPutZK0o_tG8ca_QrQRA_2026-09-01,0.2665706051873199
UCIvLQ5lZ2kebqnLaGv_FP4w_2026-09-01,0.6268011527377522
UC8aCmG_y4DqqVI9Xlcym1Jg_2026-09-01,0.8688760806916427
UC5pdoCANExIVI4yf6DVoxew_2026-09-01,0.8270893371757925
UCI3DTtB-a3fJPjKtQ5kYHfA_2026-09-01,0.6793948126801153
UCjgTdV_oYP0TrrajTJLH33Q_2026-09-01,0.7413544668587897
UCbvvdVOF0teLO-U6GWh1RKg_2026-09-01,0.644092219020173
UC6NXJtCn3p-actkvBUlHwDA_2026-09-01,0.2053314121037464
UC8E29ANOC3_OuB7_5EPY2xw_2026-09-01,0.760806916426513
UCU0-6z_KU9AShyR9J6gcFGw_2026-09-01,0.7593659942363112
UCQ5KMP03ifjJ8mDeyjWeZ7g_2026-09-01,0.63328530259366
UCRCK5FCJtomQT3b88jXI_DA_2026-09-01,0.6376080691642652
UC59jWhPazXYi8Ny4vake45A_2026-09-01,0.10590778097982709
UCT-UsvGz4gm7lezXvCEex9A_2026-09-01,0.8054755043227666
UCN8YcyYvYIrtLcwyT-KqbNg_2026-09-01,0.26368876080691644
UC9nWoDbRAl3-fvreBNeStKQ_2026-09-01,0.6448126801152738
UCAhmOb9JWkI2HV_KIe9X_3A_2026-09-01,0.840057636887608
UCTUnpbuKoOODvhLhCO_kO_A_2026-09-01,0.6938040345821326
UCZ-B_El841ME7qGXvYinGmw_2026-09-01,0.8847262247838616
UC9vI-9WYQLXKI6n9XdXXo3g_2026-09-01,0.3969740634005764
UCAGUSx1hbPKDqzBZH7bTjiA_2026-09-01,0.372478386167147
UCB4gIGaPUiLtpPreFSf8fKQ_2026-09-01,0.6592219020172911
UCNRnCc0hg3ZcKdOGXKKv5Ww_2026-09-01,0.8623919308357348
UCS2OAdHoLt-9T6cG9A2H49Q_2026-09-01,0.4329971181556196
UCAVR6Q0YgYa8xwz8rdg9Mrg_2026-09-01,0.023054755043227668
UCPpSXwAg3hkSpa85Ah-dpgA_2026-09-01,0.9106628242074928
UCZHBZUrLKMoL6FxpvdRzhKA_2026-09-01,0.4488472622478386
UC_e83kYlGHWbsrr8QCfV_ag_2026-09-01,0.4935158501440922
UCBidluUUxzT_5jVOI_2x2MQ_2026-09-01,0.7384726224783862
UCdT2nXooUR-X_MdmbER25yQ_2026-09-01,0.27089337175792505
UCb08r5yPoH-AqM7_XCL4Uhg_2026-09-01,0.5151296829971181
UCcNdwtZ7ulFFxngmnzsWQNA_2026-09-01,0.29899135446685876
UCbItyvYa6cqvqtwlU2E9-wA_2026-09-01,0.5655619596541787
UCcdlIcleb4oIK6of1ugSJ7w_2026-09-01,0.06556195965417867
UCbIQGH_oFu0yfTWNPyquvpw_2026-09-01,0.7276657060518732
UCkvz_CZlthtVo7E2sGa43cg_2026-09-01,0.08573487031700289
UCCiKOocVSjyb2rsbL_Aanhw_2026-09-01,0.33213256484149856
UCFHUplScMiWTjJrtv4hxWmg_2026-09-01,0.04250720461095101
UCF7IBIvHZ2be4Ufo8i0uHBw_2026-09-01,0.31051873198847263
UCFVRXOqBeh8ynDdYWztewXg_2026-09-01,0.9726224783861671
UClWTMxooQefOLUV0TRcJ1Eg_2026-09-01,0.7024495677233429
UCmZeuRfHYowZhf6odtoaNdg_2026-09-01,0.24279538904899137
UClvMduw1MDMQ0PuH753-XSA_2026-09-01,0.6981268011527377
UCGVy07wZs8W-EpKAGchrmCQ_2026-09-01,0.5540345821325648
UCFsJVl9V9fSIZA1uS3gMu-w_2026-09-01,0.11527377521613832
UC7SIaeUWuuIrWTIOBpayDVQ_2026-09-01,0.3357348703170029
UCbFLnCfOet-u_kFyA7uX-9Q_2026-09-01,0.31844380403458217
UCHYMpkGhNIr8A0m2H3lIjUA_2026-09-01,0.21829971181556196
UC78d2aaqdrt02RfmtRLmlAw_2026-09-01,0.8487031700288185
UC7ikVsVGGrUy2RD65w-awng_2026-09-01,0.7622478386167147
UCCs1YZHxUTIbLZd-xrvvMCw_2026-09-01,0.18371757925072046
UCpwGBltfwjd_fIzp5cb5R0w_2026-09-01,0.09077809798270894
UCIOY-akTwtohcU0QB5ksjaA_2026-09-01,0.8040345821325648
UC9DNu8JRIcE-rpo9eBx1ffw_2026-09-01,0.48198847262247835
UCg5-nd3qoNnz5dzkX-O0b8A_2026-09-01,0.25144092219020175
UCqRz_-l3GCmWb92u8P33RYQ_2026-09-01,0.7687319884726225
UCroIk85IFzp6OZzKoJFDKuA_2026-09-01,0.7139769452449568
UCqlcSsDNMYxEsem7bWY-66Q_2026-09-01,0.47406340057636887
UCvfEv6nBnL0QlKqyGmL0orQ_2026-09-01,0.38328530259365995
UCZFGZ_LhwgiTxaJzJ0QGdFw_2026-09-01,0.5612391930835734
UCgWOZQvFZhGuqBCtjmee0XQ_2026-09-01,0.7327089337175793
UC9bicYGdrx2YllCCg5H81Cw_2026-09-01,0.22694524495677232
UCE8JC9RAVSudDT_8Ji1fuPQ_2026-09-01,0.13832853025936598
UCD9tj7ATjYkyPyWXK_ewNXQ_2026-09-01,0.9755043227665706
UCi_lv3g-CPdKF6nd68lvN3A_2026-09-01,0.7788184438040346
UCUPa-gJcbYG9Ql8b9H9FBbg_2026-09-01,0.5244956772334294
UC-pobd8lZE33BSDz-iyHfJQ_2026-09-01,0.5252161383285302
UCYMXFMiaGBnZ08-wBHS2MPQ_2026-09-01,0.42939481268011526
UC2k1bSUZ4X02jMs_sTS9jiQ_2026-09-01,0.42363112391930835
UCN5oT4zGJX-_H6pE5isAEeg_2026-09-01,0.23126801152737753
UCNrQ0VbdprXAur6OZKexjEw_2026-09-01,0.18443804034582134
UC0uQYROl6H_8-Lb2bFz6yyg_2026-09-01,0.7672910662824207
UC0Zl_lyMoTbroBSNv7SpGuQ_2026-09-01,0.09798270893371758
UC2U8C7lmbQpfBeAW8fTP_jg_2026-09-01,0.20893371757925072
UCL_IvtOZo6sONpiydbzzHpA_2026-09-01,0.1037463976945245
UCKYdD83f363lIzcAwwhB-_A_2026-09-01,0.5504322766570605
UCNpcMizRJ73OJm48LszuytQ_2026-09-01,0.5259365994236311
UC2ja61Zku_rw3ZBfDZi8cuQ_2026-09-01,0.180835734870317
UCJA6MZLzTeljmGNFaugdoWQ_2026-09-01,0.8011527377521613
UCKC4R6B8bTLIKH1V9PyD7Iw_2026-09-01,0.8479827089337175
UCJN5mgLqkPCTVC5v-12gKjQ_2026-09-01,0.6945244956772334
UCeAsj1O73pcqd-xQ4AZbJeQ_2026-09-01,0.7925072046109509
UCSGKRGHGqP8W11G-SxsMaOw_2026-09-01,0.5252161383285303
UCxVspLehsLr4bfqbJLFkS0w_2026-09-01,0.520893371757925
UCyz5WVrb-cz3myY04x_kVYw_2026-09-01,0.9474063400576369
UCcoJiq6MyAqJeo3urxjDqrg_2026-09-01,0.9373198847262247
UCyoKcrOcBEY4rmLYkDuXErA_2026-09-01,0.09438040345821326
UCPp6kLLWggTuACsQwFibg8A_2026-09-01,0.16714697406340057
UC_Cp4dXpd94km5Syq2x-xig_2026-09-01,0.9279538904899136
UCZphffYmr6WuJD9SG8xwM8A_2026-09-01,0.8162824207492796
UCcsC1X0SyiWcxBTbnjoZ9Ag_2026-09-01,0.6873198847262247
UCFCt5RYu41HTg4eX1jdHNxw_2026-09-01,0.25936599423631124
UCElXDMEQqlUnuyDbChjARWQ_2026-09-01,0.5511527377521614
UC0-sEWFXIymAxx0InClynUA_2026-09-01,0.21181556195965417
UCQePzo3_oRB-6RAzBioc6pg_2026-09-01,0.7305475504322767
UC8chC5rneP-LHm43q-jF3oQ_2026-09-01,0.7809798270893372
UCCTw9N950kEoELFv3dRcWJQ_2026-09-01,0.6260806916426513
UCj7wKA4vwdzMP35lO5CCwgQ_2026-09-01,0.7355907780979827
UC8IxyKkhu4YUYK_c76AdcDw_2026-09-01,0.4855907780979827
UCq6bX1rAJqwt3LmYuHrDPqg_2026-09-01,0.8609510086455332
UCABvetlXpdOwFz10fCpJkwQ_2026-09-01,0.1195965417867435
UC_Xb6sEXAdNv9nHU4988vmg_2026-09-01,0.600864553314121
UCFJAOgvqcc3fPqdu7fTl-zA_2026-09-01,0.707492795389049
UC3NIb2qVtwunRNmypsDpQzA_2026-09-01,0.19668587896253603
UCg5Ew4lj74r_ohbc4AeQj1w_2026-09-01,0.3854466858789626
UC6LLMkdyses2ugPRNEXutMQ_2026-09-01,0.41498559077809793
UCe0loHR-Vltq0GPHgYyzmrQ_2026-09-01,0.9992795389048992
UCADf92tisOOh90hrZee4-LA_2026-09-01,0.48054755043227665
UCeiQKedLZob9Cb797XfsrRw_2026-09-01,0.3940922190201729
UCCoU5ViXgoK-_2neelNhQaA_2026-09-01,0.18804034582132567
UCIxcZWLQpP-mUZC6_Uljc_Q_2026-09-01,0.372478386167147
UCRLoyYlPR9ufzlbeI9lLDqg_2026-09-01,0.4589337175792507
UC1dHu9GhbHH7RcHKyJdaOvA_2026-09-01,0.07636887608069165
UCWq9wRjQXYC8i486uVLysUA_2026-09-01,0.040345821325648415
UCyaMGpNb-UiLHMY833ai7IQ_2026-09-01,0.5814121037463977
UCybn_0S0Ec6Il1ZhiQM1Vww_2026-09-01,0.3537463976945245
UCk1NTIlGP27bQEumkw6sDVA_2026-09-01,0.4221902017291066
UCkNUuK9EfixaK2HbJYZ5YrQ_2026-09-01,0.3242074927953891
UCoIEwIHhW-1_roLnb5nK_UA_2026-09-01,0.8652737752161384
UCHJv9xBR9lkzGSIepie-T_A_2026-09-01,0.5597982708933718
UCfHlKp8w7IxpObWnHJtYRnQ_2026-09-01,0.7867435158501441
UCG3uX-OwJ82T3L3EhC3GPXA_2026-09-01,0.8811239193083573
UCqFmG6ofirSWvI9B8mwzvyA_2026-09-01,0.979106628242075
UCXg-6b0X0sIMBDHhbyBuOQg_2026-09-01,0.771613832853026
UC9qwDE50UcXvdplRNZKEoPA_2026-09-01,0.6268011527377522
UCTbwgCCBrI-4XU8b5B0uGPg_2026-09-01,0.0670028818443804
UCVqmxk6oNOHj9RFVo4uP_lw_2026-09-01,0.9128242074927955
UCXNh3eUHXEkL7h1w1KYQRKQ_2026-09-01,0.9978386167146973
UCIH7bdyhaJ0nD7jIcgqmQbQ_2026-09-01,0.5806916426512969
UCTizVc_OD9jdhWZOnrQnUeQ_2026-09-01,0.734149855907781
UC-ntxe7eU_afJWEpcTNlVFA_2026-09-01,0.36527377521613835
UC0vqyzJ-1l3AJl3IkKu0bhQ_2026-09-01,0.7255043227665706
UCJNEIbzzpRl-l1iGdD2BxGg_2026-09-01,0.8378962536023056
UCLbehOwlIi6QrfZNhC39t4Q_2026-09-01,0.4582132564841499
UC-DpK48x4bltMjHHChZ4zBg_2026-09-01,0.5518731988472623
UCTDBdmaY4m3ipZaLiYA6FWg_2026-09-01,0.4373198847262248
UCaCFlaIQAmiU_mLnZq5E-tA_2026-09-01,0.781700288184438
UCRltQqhqu9nXMRLaX0f8Cow_2026-09-01,0.5079250720461095
UCOwgg4IVhPQtq6qtxEeX3XA_2026-09-01,0.7536023054755043
UChfA8Yu8dk5k78UzaM6tsRw_2026-09-01,0.24279538904899134
UCjiXXUsdl0F0aUkTbv8ZVTA_2026-09-01,0.9092219020172911
UCah0w9n_eAyjUBG7eHbj8vw_2026-09-01,0.16354466858789624
UCEGtfhdJiRgH98mVMEQZThQ_2026-09-01,0.5590778097982709
UCqEoc6yuYRg5CFG4NIG8euQ_2026-09-01,0.5446685878962536
UCEebX3m88Arwc91LPmEmTYQ_2026-09-01,0.1873198847262248
UCHZ9X2Nl3dq8ChEJgScmZCw_2026-09-01,0.3695965417867435
UCtjlhCmFXYFXC4uqg1flTBg_2026-09-01,0.7961095100864553
UCWZqSCSNZT3X8e_HyCJoXMg_2026-09-01,0.5223342939481268
UC6aF-skLT_1X6cdPJxVJXxQ_2026-09-01,0.11887608069164265
UCApYlKNymyHZ9dlOCImFVBg_2026-09-01,0.6426512968299711
UClHGjnruf4A9Us7CHVgLIEQ_2026-09-01,0.8789625360230547
UCWKOw78U77xw8alsPSW_AeA_2026-09-01,0.5396253602305475
UCNZiNM2pP6uhIlTQVS2Q5fA_2026-09-01,0.1815561959654179
UCm1JuixwDoQEDi5RfcRuHJg_2026-09-01,0.25360230547550433
UCAgZP6qUjcVjZsGWtW-l6lw_2026-09-01,0.7507204610951008
UCLuDznROytXtnMSDwo5aGJQ_2026-09-01,0.10806916426512969
UC3kVT7zilzGf_7fIEkc4dDA_2026-09-01,0.2744956772334294
UCsbo5VemDR505Etd5ZKnWNA_2026-09-01,0.579250720461095
UCuetAJhNx1unKTXo7e1c0xQ_2026-09-01,0.6995677233429395
UCdtV_sB8WUWo-P_q3OwNfcw_2026-09-01,0.9027377521613833
UCNOj6xtKWCtPbjJV8XPlbLg_2026-09-01,0.3249279538904899
UCs7mzshFv0PbUMUM0x1Waug_2026-09-01,0.6822766570605188
UCkrJBQAut47U8xMUuv8D_3g_2026-09-01,0.5122478386167146
UC4OsulKlyGi0wY5h9D4JjBw_2026-09-01,0.8184438040345821
UCb3wpKfVlnPx2bym2Tivbzw_2026-09-01,0.5475504322766571
UCxtZZzggcfOmsW99gYkxsNA_2026-09-01,0.38184438040345825
UCrdRt77s53QWevhMYX-8UPg_2026-09-01,0.10590778097982709
UCop7QCLcdzTpcYZzMu1mFAg_2026-09-01,0.41786743515850144
UCppLE7C1TC4ovrGbRoTzsmg_2026-09-01,0.7435158501440922
UCulcJNJPF25ncT7GvJm6iEg_2026-09-01,0.4690201729106628
UCjk9szhhsAO76PdH450mZNg_2026-09-01,0.7629682997118156
UCd4PDK0JYfPf0DUeYZThguw_2026-09-01,0.5936599423631124
UCm-Yd-aYSagMqVdMZSYiKLQ_2026-09-01,0.5403458213256485
UCAZVLirygDNDfCNfyIVnTWA_2026-09-01,0.7269452449567724
UCZX4g_FvyOfyTIKxbMfKfIg_2026-09-01,0.4546109510086455
UCOKQpmfKrtu7Nu719CVSw1A_2026-09-01,0.707492795389049
UC-2JsFNClcIesgd7UmtGnpw_2026-09-01,0.6390489913544668
UCijUV3SuVe_qErzBpdOmKIA_2026-09-01,0.5763688760806917
UC07QfC3yXeYr2SfIL6WXpOw_2026-09-01,0.6873198847262247
UCETJ2rkwgeYb0OojPNh-DRw_2026-09-01,0.7305475504322767
UCCrqkpYfyGX5UBFyPx6bqKA_2026-09-01,0.9301152737752161
UCD7D_WRXbei_g6xXOZIhQnQ_2026-09-01,0.4365994236311239
UClSuqiIAACDUJrH3gb4JcLQ_2026-09-01,0.11455331412103748
UCs4CTQE-t9kj-6Xn3Cjtf-A_2026-09-01,0.8242074927953891
UCL3gnarNIeI_M0cFxjNYdAA_2026-09-01,0.34293948126801155
UCzju3TlIRi6tkO9o4gwXdVA_2026-09-01,0.6534582132564841
UCerhqgFd8dnypewC3yjAlbg_2026-09-01,0.4827089337175793
